{
  "config": {
    "embeddings_dir": "finetuned-specter2/embeddings",
    "k": 20,
    "method": "both",
    "rrf_k": 60,
    "classifier_C": 1.0,
    "classifier_max_iter": 200,
    "use_category": true,
    "min_papers": 10,
    "val_size": 0.1,
    "test_size": 0.2,
    "seed": 42,
    "n_train": 17773,
    "n_val": 2525,
    "n_test": 4884,
    "n_test_after_filter": 3176,
    "n_train_journals": 3645,
    "n_test_journals": 1973,
    "knn_time_s": 1.3,
    "clf_time_s": 133.0
  },
  "knn_only": {
    "accuracy@1": 0.1653022670025189,
    "accuracy@5": 0.3809823677581864,
    "accuracy@10": 0.48016372795969775,
    "mrr": 0.2655826142758417,
    "n_test": 3176
  },
  "classifier_only": {
    "accuracy@1": 0.1772670025188917,
    "accuracy@5": 0.4527707808564232,
    "accuracy@10": 0.5954030226700252,
    "mrr": 0.3107530453162606,
    "n_test": 3176
  },
  "rrf": {
    "accuracy@1": 0.19269521410579346,
    "accuracy@5": 0.4521410579345088,
    "accuracy@10": 0.582808564231738,
    "mrr": 0.3211921294279139,
    "n_test": 3176
  },
  "interpolation": {
    "best_alpha": 0.1,
    "results": {
      "accuracy@1": 0.19238035264483627,
      "accuracy@5": 0.4732367758186398,
      "accuracy@10": 0.6133501259445844,
      "mrr": 0.32817541449650117,
      "n_test": 3176
    },
    "grid": {
      "0.0": {
        "accuracy@1": 0.19117647058823528,
        "accuracy@5": 0.4605614973262032,
        "accuracy@10": 0.6009358288770054,
        "mrr": 0.3224824576514182,
        "n_test": 1496
      },
      "0.1": {
        "accuracy@1": 0.19852941176470587,
        "accuracy@5": 0.47927807486631013,
        "accuracy@10": 0.6310160427807486,
        "mrr": 0.3338145624565942,
        "n_test": 1496
      },
      "0.2": {
        "accuracy@1": 0.19585561497326204,
        "accuracy@5": 0.48128342245989303,
        "accuracy@10": 0.6377005347593583,
        "mrr": 0.3309614764657934,
        "n_test": 1496
      },
      "0.3": {
        "accuracy@1": 0.19518716577540107,
        "accuracy@5": 0.47058823529411764,
        "accuracy@10": 0.6270053475935828,
        "mrr": 0.32733754545649557,
        "n_test": 1496
      },
      "0.4": {
        "accuracy@1": 0.19184491978609625,
        "accuracy@5": 0.464572192513369,
        "accuracy@10": 0.6049465240641712,
        "mrr": 0.3216614327680426,
        "n_test": 1496
      },
      "0.5": {
        "accuracy@1": 0.18850267379679145,
        "accuracy@5": 0.45788770053475936,
        "accuracy@10": 0.5748663101604278,
        "mrr": 0.31632310165782934,
        "n_test": 1496
      },
      "0.6": {
        "accuracy@1": 0.1804812834224599,
        "accuracy@5": 0.4505347593582888,
        "accuracy@10": 0.5581550802139037,
        "mrr": 0.3089558552879174,
        "n_test": 1496
      },
      "0.7": {
        "accuracy@1": 0.18114973262032086,
        "accuracy@5": 0.44786096256684493,
        "accuracy@10": 0.5501336898395722,
        "mrr": 0.30776153897622416,
        "n_test": 1496
      },
      "0.8": {
        "accuracy@1": 0.18114973262032086,
        "accuracy@5": 0.4425133689839572,
        "accuracy@10": 0.5394385026737968,
        "mrr": 0.305770569291399,
        "n_test": 1496
      },
      "0.9": {
        "accuracy@1": 0.1824866310160428,
        "accuracy@5": 0.4405080213903743,
        "accuracy@10": 0.5320855614973262,
        "mrr": 0.3056324009517522,
        "n_test": 1496
      },
      "1.0": {
        "accuracy@1": 0.16711229946524064,
        "accuracy@5": 0.37566844919786097,
        "accuracy@10": 0.4752673796791444,
        "mrr": 0.27452670779239047,
        "n_test": 1496
      }
    },
    "tuned_on": "validation set"
  },
  "best_ensemble": {
    "method": "interpolation (alpha=0.1)",
    "per_tier": {
      "top-20": {
        "accuracy@1": 0.36897106109324757,
        "accuracy@5": 0.7588424437299035,
        "accuracy@10": 0.8866559485530546,
        "mrr": 0.5431570436776393,
        "n_test": 1244
      },
      "top-50": {
        "accuracy@1": 0.16015625,
        "accuracy@5": 0.4453125,
        "accuracy@10": 0.587890625,
        "mrr": 0.30107564306216106,
        "n_test": 512
      },
      "mid-tail": {
        "accuracy@1": 0.04929577464788732,
        "accuracy@5": 0.23309859154929577,
        "accuracy@10": 0.38309859154929576,
        "mrr": 0.14961058088597046,
        "n_test": 1420
      }
    }
  }
}