{
  "config": {
    "embeddings_dir": "finetuned-specter2-v2/embeddings",
    "k": 50,
    "method": "interpolation",
    "rrf_k": 60,
    "classifier_C": 10.0,
    "classifier_max_iter": 200,
    "use_category": true,
    "min_papers": 10,
    "val_size": 0.1,
    "test_size": 0.2,
    "seed": 42,
    "n_train": 24844,
    "n_val": 3572,
    "n_test": 6950,
    "n_test_after_filter": 4811,
    "n_train_journals": 4402,
    "n_test_journals": 2512,
    "knn_time_s": 1.4,
    "clf_time_s": 711.1
  },
  "knn_only": {
    "accuracy@1": 0.17210559135314904,
    "accuracy@5": 0.4152982747869466,
    "accuracy@10": 0.5256703388069008,
    "mrr": 0.285202514324852,
    "n_test": 4811
  },
  "classifier_only": {
    "accuracy@1": 0.1910205778424444,
    "accuracy@5": 0.471627520266057,
    "accuracy@10": 0.6071502806069424,
    "mrr": 0.3243681286508071,
    "n_test": 4811
  },
  "interpolation": {
    "best_alpha": 0.0,
    "results": {
      "accuracy@1": 0.1910205778424444,
      "accuracy@5": 0.471627520266057,
      "accuracy@10": 0.6071502806069424,
      "mrr": 0.324886004706109,
      "n_test": 4811
    },
    "grid": {
      "0.0": {
        "accuracy@1": 0.1920879120879121,
        "accuracy@5": 0.4931868131868132,
        "accuracy@10": 0.6303296703296704,
        "mrr": 0.3334387873557663,
        "n_test": 2275
      },
      "0.1": {
        "accuracy@1": 0.1824175824175824,
        "accuracy@5": 0.5050549450549451,
        "accuracy@10": 0.6347252747252747,
        "mrr": 0.33152893245230547,
        "n_test": 2275
      },
      "0.2": {
        "accuracy@1": 0.18593406593406595,
        "accuracy@5": 0.5024175824175824,
        "accuracy@10": 0.6369230769230769,
        "mrr": 0.33238430808321157,
        "n_test": 2275
      },
      "0.3": {
        "accuracy@1": 0.17846153846153845,
        "accuracy@5": 0.5006593406593407,
        "accuracy@10": 0.6435164835164835,
        "mrr": 0.3282404664114269,
        "n_test": 2275
      },
      "0.4": {
        "accuracy@1": 0.17978021978021977,
        "accuracy@5": 0.498021978021978,
        "accuracy@10": 0.6421978021978022,
        "mrr": 0.32748223217275735,
        "n_test": 2275
      },
      "0.5": {
        "accuracy@1": 0.17846153846153845,
        "accuracy@5": 0.4931868131868132,
        "accuracy@10": 0.6373626373626373,
        "mrr": 0.3248676032408142,
        "n_test": 2275
      },
      "0.6": {
        "accuracy@1": 0.1753846153846154,
        "accuracy@5": 0.4879120879120879,
        "accuracy@10": 0.6351648351648351,
        "mrr": 0.3210050490264758,
        "n_test": 2275
      },
      "0.7": {
        "accuracy@1": 0.1753846153846154,
        "accuracy@5": 0.4817582417582418,
        "accuracy@10": 0.6298901098901099,
        "mrr": 0.31813085745619624,
        "n_test": 2275
      },
      "0.8": {
        "accuracy@1": 0.17494505494505494,
        "accuracy@5": 0.4712087912087912,
        "accuracy@10": 0.6189010989010989,
        "mrr": 0.3143977826800622,
        "n_test": 2275
      },
      "0.9": {
        "accuracy@1": 0.17406593406593407,
        "accuracy@5": 0.46505494505494505,
        "accuracy@10": 0.6114285714285714,
        "mrr": 0.3113661961528332,
        "n_test": 2275
      },
      "1.0": {
        "accuracy@1": 0.16615384615384615,
        "accuracy@5": 0.43164835164835164,
        "accuracy@10": 0.5463736263736264,
        "mrr": 0.29101491132603513,
        "n_test": 2275
      }
    },
    "tuned_on": "validation set"
  },
  "best_ensemble": {
    "method": "interpolation (alpha=0.0)",
    "per_tier": {
      "top-20": {
        "accuracy@1": 0.3268892794376098,
        "accuracy@5": 0.6807264206209724,
        "accuracy@10": 0.8131224370240188,
        "mrr": 0.48803052253358525,
        "n_test": 1707
      },
      "top-50": {
        "accuracy@1": 0.1797752808988764,
        "accuracy@5": 0.4550561797752809,
        "accuracy@10": 0.601123595505618,
        "mrr": 0.3156245972262209,
        "n_test": 712
      },
      "mid-tail": {
        "accuracy@1": 0.09740802675585285,
        "accuracy@5": 0.3273411371237458,
        "accuracy@10": 0.46195652173913043,
        "mrr": 0.21121812435250467,
        "n_test": 2392
      }
    }
  }
}