{
  "config": {
    "embeddings_dir": "finetuned-specter2-v2/embeddings",
    "k": 100,
    "method": "interpolation",
    "rrf_k": 60,
    "classifier_C": 10.0,
    "classifier_max_iter": 200,
    "use_category": true,
    "min_papers": 10,
    "val_size": 0.1,
    "test_size": 0.2,
    "seed": 42,
    "n_train": 24844,
    "n_val": 3572,
    "n_test": 6950,
    "n_test_after_filter": 4811,
    "n_train_journals": 4402,
    "n_test_journals": 2512,
    "knn_time_s": 1.6,
    "clf_time_s": 735.4
  },
  "knn_only": {
    "accuracy@1": 0.1733527333194762,
    "accuracy@5": 0.43753897318644774,
    "accuracy@10": 0.5676574516732488,
    "mrr": 0.29672075329464553,
    "n_test": 4811
  },
  "classifier_only": {
    "accuracy@1": 0.1910205778424444,
    "accuracy@5": 0.471627520266057,
    "accuracy@10": 0.6071502806069424,
    "mrr": 0.3243681286508071,
    "n_test": 4811
  },
  "interpolation": {
    "best_alpha": 0.0,
    "results": {
      "accuracy@1": 0.1910205778424444,
      "accuracy@5": 0.471627520266057,
      "accuracy@10": 0.6071502806069424,
      "mrr": 0.3250707015538949,
      "n_test": 4811
    },
    "grid": {
      "0.0": {
        "accuracy@1": 0.1920879120879121,
        "accuracy@5": 0.4931868131868132,
        "accuracy@10": 0.6303296703296704,
        "mrr": 0.333624598291419,
        "n_test": 2275
      },
      "0.1": {
        "accuracy@1": 0.18769230769230769,
        "accuracy@5": 0.5032967032967033,
        "accuracy@10": 0.6364835164835165,
        "mrr": 0.3330664177023574,
        "n_test": 2275
      },
      "0.2": {
        "accuracy@1": 0.18285714285714286,
        "accuracy@5": 0.5050549450549451,
        "accuracy@10": 0.6342857142857142,
        "mrr": 0.330432685697063,
        "n_test": 2275
      },
      "0.3": {
        "accuracy@1": 0.17802197802197803,
        "accuracy@5": 0.505934065934066,
        "accuracy@10": 0.636043956043956,
        "mrr": 0.3274749003361439,
        "n_test": 2275
      },
      "0.4": {
        "accuracy@1": 0.1767032967032967,
        "accuracy@5": 0.5024175824175824,
        "accuracy@10": 0.6364835164835165,
        "mrr": 0.3256021149967058,
        "n_test": 2275
      },
      "0.5": {
        "accuracy@1": 0.17494505494505494,
        "accuracy@5": 0.5054945054945055,
        "accuracy@10": 0.6312087912087913,
        "mrr": 0.3244096953971137,
        "n_test": 2275
      },
      "0.6": {
        "accuracy@1": 0.17406593406593407,
        "accuracy@5": 0.5028571428571429,
        "accuracy@10": 0.6329670329670329,
        "mrr": 0.3230688573143961,
        "n_test": 2275
      },
      "0.7": {
        "accuracy@1": 0.17450549450549452,
        "accuracy@5": 0.5010989010989011,
        "accuracy@10": 0.6325274725274725,
        "mrr": 0.3222411419028934,
        "n_test": 2275
      },
      "0.8": {
        "accuracy@1": 0.17582417582417584,
        "accuracy@5": 0.4896703296703297,
        "accuracy@10": 0.6307692307692307,
        "mrr": 0.3210804747796262,
        "n_test": 2275
      },
      "0.9": {
        "accuracy@1": 0.17626373626373626,
        "accuracy@5": 0.48615384615384616,
        "accuracy@10": 0.6316483516483516,
        "mrr": 0.3196321468371351,
        "n_test": 2275
      },
      "1.0": {
        "accuracy@1": 0.17494505494505494,
        "accuracy@5": 0.45054945054945056,
        "accuracy@10": 0.5859340659340659,
        "mrr": 0.3060690256521346,
        "n_test": 2275
      }
    },
    "tuned_on": "validation set"
  },
  "best_ensemble": {
    "method": "interpolation (alpha=0.0)",
    "per_tier": {
      "top-20": {
        "accuracy@1": 0.3268892794376098,
        "accuracy@5": 0.6807264206209724,
        "accuracy@10": 0.8131224370240188,
        "mrr": 0.4880616638106772,
        "n_test": 1707
      },
      "top-50": {
        "accuracy@1": 0.1797752808988764,
        "accuracy@5": 0.4550561797752809,
        "accuracy@10": 0.601123595505618,
        "mrr": 0.3157704800152799,
        "n_test": 712
      },
      "mid-tail": {
        "accuracy@1": 0.09740802675585285,
        "accuracy@5": 0.3273411371237458,
        "accuracy@10": 0.46195652173913043,
        "mrr": 0.2115239562207706,
        "n_test": 2392
      }
    }
  }
}