{
  "config": {
    "embeddings_dir": "finetuned-specter2-v2-hardneg/embeddings",
    "k": 50,
    "method": "interpolation",
    "rrf_k": 60,
    "classifier_C": 10.0,
    "classifier_max_iter": 200,
    "use_category": true,
    "min_papers": 10,
    "val_size": 0.1,
    "test_size": 0.2,
    "seed": 42,
    "n_train": 24844,
    "n_val": 3572,
    "n_test": 6950,
    "n_test_after_filter": 4811,
    "n_train_journals": 4402,
    "n_test_journals": 2512,
    "knn_time_s": 1.4,
    "clf_time_s": 694.5
  },
  "knn_only": {
    "accuracy@1": 0.17418416129702766,
    "accuracy@5": 0.4244439825400125,
    "accuracy@10": 0.5341924755768032,
    "mrr": 0.2905418245382885,
    "n_test": 4811
  },
  "classifier_only": {
    "accuracy@1": 0.1937227187694866,
    "accuracy@5": 0.47370609020993554,
    "accuracy@10": 0.6090209935564331,
    "mrr": 0.3265839110917651,
    "n_test": 4811
  },
  "interpolation": {
    "best_alpha": 0.1,
    "results": {
      "accuracy@1": 0.19663271669091664,
      "accuracy@5": 0.47432966119309916,
      "accuracy@10": 0.6185824152982747,
      "mrr": 0.33077354958386607,
      "n_test": 4811
    },
    "grid": {
      "0.0": {
        "accuracy@1": 0.1824175824175824,
        "accuracy@5": 0.4967032967032967,
        "accuracy@10": 0.6276923076923077,
        "mrr": 0.3281224591497714,
        "n_test": 2275
      },
      "0.1": {
        "accuracy@1": 0.1832967032967033,
        "accuracy@5": 0.498021978021978,
        "accuracy@10": 0.6373626373626373,
        "mrr": 0.3300941958320901,
        "n_test": 2275
      },
      "0.2": {
        "accuracy@1": 0.181978021978022,
        "accuracy@5": 0.5046153846153846,
        "accuracy@10": 0.6395604395604395,
        "mrr": 0.329629131987623,
        "n_test": 2275
      },
      "0.3": {
        "accuracy@1": 0.17758241758241758,
        "accuracy@5": 0.5024175824175824,
        "accuracy@10": 0.6452747252747253,
        "mrr": 0.32665498238604074,
        "n_test": 2275
      },
      "0.4": {
        "accuracy@1": 0.17626373626373626,
        "accuracy@5": 0.498021978021978,
        "accuracy@10": 0.6426373626373626,
        "mrr": 0.3248338061000929,
        "n_test": 2275
      },
      "0.5": {
        "accuracy@1": 0.17142857142857143,
        "accuracy@5": 0.49846153846153846,
        "accuracy@10": 0.6408791208791209,
        "mrr": 0.3207222903080607,
        "n_test": 2275
      },
      "0.6": {
        "accuracy@1": 0.17186813186813188,
        "accuracy@5": 0.4931868131868132,
        "accuracy@10": 0.6395604395604395,
        "mrr": 0.319404941871,
        "n_test": 2275
      },
      "0.7": {
        "accuracy@1": 0.17186813186813188,
        "accuracy@5": 0.48835164835164835,
        "accuracy@10": 0.6351648351648351,
        "mrr": 0.31711493685485526,
        "n_test": 2275
      },
      "0.8": {
        "accuracy@1": 0.17142857142857143,
        "accuracy@5": 0.48923076923076925,
        "accuracy@10": 0.6250549450549451,
        "mrr": 0.3149707698491455,
        "n_test": 2275
      },
      "0.9": {
        "accuracy@1": 0.16967032967032966,
        "accuracy@5": 0.47604395604395605,
        "accuracy@10": 0.6114285714285714,
        "mrr": 0.3112555458588164,
        "n_test": 2275
      },
      "1.0": {
        "accuracy@1": 0.1665934065934066,
        "accuracy@5": 0.43824175824175826,
        "accuracy@10": 0.545054945054945,
        "mrr": 0.2922864645561583,
        "n_test": 2275
      }
    },
    "tuned_on": "validation set"
  },
  "best_ensemble": {
    "method": "interpolation (alpha=0.1)",
    "per_tier": {
      "top-20": {
        "accuracy@1": 0.3591095489162273,
        "accuracy@5": 0.7053309900410076,
        "accuracy@10": 0.833626244874048,
        "mrr": 0.5168886861345315,
        "n_test": 1707
      },
      "top-50": {
        "accuracy@1": 0.16713483146067415,
        "accuracy@5": 0.45786516853932585,
        "accuracy@10": 0.6264044943820225,
        "mrr": 0.31196173815557127,
        "n_test": 712
      },
      "mid-tail": {
        "accuracy@1": 0.08946488294314381,
        "accuracy@5": 0.31438127090301005,
        "accuracy@10": 0.4627926421404682,
        "mrr": 0.20355593739530423,
        "n_test": 2392
      }
    }
  }
}