{
  "config": {
    "embeddings_dir": "finetuned-specter2-v2-hardneg/embeddings",
    "k": 20,
    "method": "interpolation",
    "rrf_k": 60,
    "classifier_C": 10.0,
    "classifier_max_iter": 200,
    "use_category": true,
    "min_papers": 10,
    "val_size": 0.1,
    "test_size": 0.2,
    "seed": 42,
    "n_train": 24844,
    "n_val": 3572,
    "n_test": 6950,
    "n_test_after_filter": 4811,
    "n_train_journals": 4402,
    "n_test_journals": 2512,
    "knn_time_s": 1.3,
    "clf_time_s": 694.6
  },
  "knn_only": {
    "accuracy@1": 0.15755560174599875,
    "accuracy@5": 0.35709831635834544,
    "accuracy@10": 0.4493868218665558,
    "mrr": 0.2501462756069153,
    "n_test": 4811
  },
  "classifier_only": {
    "accuracy@1": 0.1937227187694866,
    "accuracy@5": 0.47370609020993554,
    "accuracy@10": 0.6090209935564331,
    "mrr": 0.3265839110917651,
    "n_test": 4811
  },
  "interpolation": {
    "best_alpha": 0.1,
    "results": {
      "accuracy@1": 0.19975057160673457,
      "accuracy@5": 0.47911037206401996,
      "accuracy@10": 0.6138017044273539,
      "mrr": 0.3320456653202513,
      "n_test": 4811
    },
    "grid": {
      "0.0": {
        "accuracy@1": 0.1824175824175824,
        "accuracy@5": 0.4967032967032967,
        "accuracy@10": 0.6276923076923077,
        "mrr": 0.3278845777070608,
        "n_test": 2275
      },
      "0.1": {
        "accuracy@1": 0.19032967032967033,
        "accuracy@5": 0.5068131868131868,
        "accuracy@10": 0.64,
        "mrr": 0.33372493228420874,
        "n_test": 2275
      },
      "0.2": {
        "accuracy@1": 0.1832967032967033,
        "accuracy@5": 0.505934065934066,
        "accuracy@10": 0.6356043956043956,
        "mrr": 0.328873093137334,
        "n_test": 2275
      },
      "0.3": {
        "accuracy@1": 0.18021978021978022,
        "accuracy@5": 0.49934065934065935,
        "accuracy@10": 0.6351648351648351,
        "mrr": 0.32292826135192526,
        "n_test": 2275
      },
      "0.4": {
        "accuracy@1": 0.1701098901098901,
        "accuracy@5": 0.48395604395604397,
        "accuracy@10": 0.6272527472527473,
        "mrr": 0.31357497736836076,
        "n_test": 2275
      },
      "0.5": {
        "accuracy@1": 0.16703296703296702,
        "accuracy@5": 0.4747252747252747,
        "accuracy@10": 0.5973626373626374,
        "mrr": 0.30613876976174614,
        "n_test": 2275
      },
      "0.6": {
        "accuracy@1": 0.1665934065934066,
        "accuracy@5": 0.46373626373626375,
        "accuracy@10": 0.5727472527472528,
        "mrr": 0.30063610729731366,
        "n_test": 2275
      },
      "0.7": {
        "accuracy@1": 0.16835164835164834,
        "accuracy@5": 0.4545054945054945,
        "accuracy@10": 0.5538461538461539,
        "mrr": 0.2977017366056121,
        "n_test": 2275
      },
      "0.8": {
        "accuracy@1": 0.16791208791208792,
        "accuracy@5": 0.44351648351648354,
        "accuracy@10": 0.5415384615384615,
        "mrr": 0.2947514145007975,
        "n_test": 2275
      },
      "0.9": {
        "accuracy@1": 0.16791208791208792,
        "accuracy@5": 0.4391208791208791,
        "accuracy@10": 0.5331868131868132,
        "mrr": 0.2927982799446866,
        "n_test": 2275
      },
      "1.0": {
        "accuracy@1": 0.15472527472527473,
        "accuracy@5": 0.3665934065934066,
        "accuracy@10": 0.4567032967032967,
        "mrr": 0.26308686641314466,
        "n_test": 2275
      }
    },
    "tuned_on": "validation set"
  },
  "best_ensemble": {
    "method": "interpolation (alpha=0.1)",
    "per_tier": {
      "top-20": {
        "accuracy@1": 0.35559461042765084,
        "accuracy@5": 0.6994727592267135,
        "accuracy@10": 0.8242530755711776,
        "mrr": 0.5124430645422238,
        "n_test": 1707
      },
      "top-50": {
        "accuracy@1": 0.17134831460674158,
        "accuracy@5": 0.4606741573033708,
        "accuracy@10": 0.6292134831460674,
        "mrr": 0.31443387598565026,
        "n_test": 712
      },
      "mid-tail": {
        "accuracy@1": 0.09698996655518395,
        "accuracy@5": 0.3273411371237458,
        "accuracy@10": 0.4590301003344482,
        "mrr": 0.20855119773426856,
        "n_test": 2392
      }
    }
  }
}