{
  "config": {
    "embeddings_dir": "finetuned-specter2-v2/embeddings",
    "k": 20,
    "method": "interpolation",
    "rrf_k": 60,
    "classifier_C": 10.0,
    "classifier_max_iter": 200,
    "use_category": true,
    "min_papers": 10,
    "val_size": 0.1,
    "test_size": 0.2,
    "seed": 42,
    "n_train": 24844,
    "n_val": 3572,
    "n_test": 6950,
    "n_test_after_filter": 4811,
    "n_train_journals": 4402,
    "n_test_journals": 2512,
    "knn_time_s": 1.2,
    "clf_time_s": 701.3
  },
  "knn_only": {
    "accuracy@1": 0.1567241737684473,
    "accuracy@5": 0.35709831635834544,
    "accuracy@10": 0.44917896487216796,
    "mrr": 0.24946779247947784,
    "n_test": 4811
  },
  "classifier_only": {
    "accuracy@1": 0.1910205778424444,
    "accuracy@5": 0.471627520266057,
    "accuracy@10": 0.6071502806069424,
    "mrr": 0.3243681286508071,
    "n_test": 4811
  },
  "interpolation": {
    "best_alpha": 0.0,
    "results": {
      "accuracy@1": 0.1910205778424444,
      "accuracy@5": 0.471627520266057,
      "accuracy@10": 0.6071502806069424,
      "mrr": 0.324662879307149,
      "n_test": 4811
    },
    "grid": {
      "0.0": {
        "accuracy@1": 0.1920879120879121,
        "accuracy@5": 0.4931868131868132,
        "accuracy@10": 0.6303296703296704,
        "mrr": 0.33324194692003334,
        "n_test": 2275
      },
      "0.1": {
        "accuracy@1": 0.18857142857142858,
        "accuracy@5": 0.5028571428571429,
        "accuracy@10": 0.6382417582417582,
        "mrr": 0.33308520349863296,
        "n_test": 2275
      },
      "0.2": {
        "accuracy@1": 0.18857142857142858,
        "accuracy@5": 0.5024175824175824,
        "accuracy@10": 0.6421978021978022,
        "mrr": 0.3306146579191528,
        "n_test": 2275
      },
      "0.3": {
        "accuracy@1": 0.18153846153846154,
        "accuracy@5": 0.49538461538461537,
        "accuracy@10": 0.6316483516483516,
        "mrr": 0.3223537619651912,
        "n_test": 2275
      },
      "0.4": {
        "accuracy@1": 0.17054945054945056,
        "accuracy@5": 0.4843956043956044,
        "accuracy@10": 0.6162637362637363,
        "mrr": 0.3127502191127906,
        "n_test": 2275
      },
      "0.5": {
        "accuracy@1": 0.16835164835164834,
        "accuracy@5": 0.4703296703296703,
        "accuracy@10": 0.5973626373626374,
        "mrr": 0.3071552937602973,
        "n_test": 2275
      },
      "0.6": {
        "accuracy@1": 0.16395604395604396,
        "accuracy@5": 0.4624175824175824,
        "accuracy@10": 0.5767032967032967,
        "mrr": 0.29990961902568436,
        "n_test": 2275
      },
      "0.7": {
        "accuracy@1": 0.16175824175824177,
        "accuracy@5": 0.4531868131868132,
        "accuracy@10": 0.5512087912087912,
        "mrr": 0.2941757074867338,
        "n_test": 2275
      },
      "0.8": {
        "accuracy@1": 0.1621978021978022,
        "accuracy@5": 0.44571428571428573,
        "accuracy@10": 0.5389010989010989,
        "mrr": 0.2919693499787312,
        "n_test": 2275
      },
      "0.9": {
        "accuracy@1": 0.16175824175824177,
        "accuracy@5": 0.4413186813186813,
        "accuracy@10": 0.5323076923076923,
        "mrr": 0.28970728239864113,
        "n_test": 2275
      },
      "1.0": {
        "accuracy@1": 0.149010989010989,
        "accuracy@5": 0.3621978021978022,
        "accuracy@10": 0.4589010989010989,
        "mrr": 0.2585083584291462,
        "n_test": 2275
      }
    },
    "tuned_on": "validation set"
  },
  "best_ensemble": {
    "method": "interpolation (alpha=0.0)",
    "per_tier": {
      "top-20": {
        "accuracy@1": 0.3268892794376098,
        "accuracy@5": 0.6807264206209724,
        "accuracy@10": 0.8131224370240188,
        "mrr": 0.48798366585940695,
        "n_test": 1707
      },
      "top-50": {
        "accuracy@1": 0.1797752808988764,
        "accuracy@5": 0.4550561797752809,
        "accuracy@10": 0.601123595505618,
        "mrr": 0.3153341955199388,
        "n_test": 712
      },
      "mid-tail": {
        "accuracy@1": 0.09740802675585285,
        "accuracy@5": 0.3273411371237458,
        "accuracy@10": 0.46195652173913043,
        "mrr": 0.2108892339107399,
        "n_test": 2392
      }
    }
  }
}